{"sU":50000,"theta":0.0,"ySampleSize":600000,"E_end":1418.181818181818,"kappa":0.0,"gammaValue":0.0,"c_y":3950000000,"d_x":0,"c_x":0,"E_start":1418.181818181818,"d_z":0,"beta":0.0,"c_z":0,"d_y":55000000,"s_y":0,"s_x":0,"omega":0.0,"xSampleSize":600000,"s_z":0,"sB":50000,"phi":0.0,"zSampleSize":600000,"t":10,"sL":50000,"sR":50000}