{
  "E_start": 31.515151515151487,
  "E_end": 31.515151515151487
}