{
  "E_start": 1418.181818181818,
  "E_end": 1418.181818181818
}