{
	"max_err_abs":	4.9663398305147045e-07,
	"mean":	3.1322321243429134,
	"max_err":	299.99999952272731,
	"min_err":	0.4929078966037011,
	"inters_err":	3.8805329625219174
}